image_name	bandwidth	nb_cluster	cluster_centers
621606201_MS0131_0006_1.jpg	10	5	[[130.4815303430079, 137.6424802110818], [131.07272727272726, 106.49090909090908], [130.0, 121.21052631578948], [154.94285714285715, 152.31428571428572], [143.03571428571428, 144.85714285714286]]
