image_name	bandwidth	nb_cluster	cluster_centers
621606201_MS0131_0006_1.jpg	10	4	[[130.5132625994695, 137.6472148541114], [131.40816326530611, 105.3061224489796], [130.12987012987014, 122.35064935064935], [157.2058823529412, 152.52941176470588]]
